,,,,归属母公司股东的净利润同比增长率(%),,,,,,,归属母公司股东的净利润-扣除非经常损益同比增长率(%),,,,,,,营业总收入同比增长率(%),,,,,,,销售毛利率,,,,,,,销售净利率,,,,,,,加权平均净资产收益率,,,,,,
ts_code,name,area,list_date,20200331_x,20190331_x,20191231_x,20181231_x,20171231_x,20161231_x,20151231_x,20200331_y,20190331_y,20191231_y,20181231_y,20171231_y,20161231_y,20151231_y,20200331_x,20190331_x,20191231_x,20181231_x,20171231_x,20161231_x,20151231_x,20200331_y,20190331_y,20191231_y,20181231_y,20171231_y,20161231_y,20151231_y,20200331_x,20190331_x,20191231_x,20181231_x,20171231_x,20161231_x,20151231_x,20200331_y,20190331_y,20191231_y,20181231_y,20171231_y,20161231_y,20151231_y
002079.SZ,苏州固锝,江苏,20061116,-25.3986,80.8372,2.0133,-9.6913,-7.6825,396.6756,-46.293,-44.23,240.1,-30.45,26.89,-7.76,609.18,-61.27,-22.9796,-8.3093,5.051,1.6572,56.1979,46.2332,-11.9473,14.1128,17.7501,17.3578,18.1899,18.9878,19.5012,14.3287,5.3221,6.1659,6.9457,7.0126,8.0384,11.1268,2.3046,0.75,1.07,5.78,6.0,7.02,8.06,1.79
002119.SZ,康强电子,浙江,20070302,-56.5946,49.3089,15.3874,25.3644,46.735,176.1491,-2573.771,-3.79,-48.63,8.43,24.9,32.93,208.73,-556.5,-12.8516,-7.1949,-4.3582,13.7524,8.9294,17.2101,-23.1543,20.544,19.0452,20.9254,20.2537,21.0536,19.6935,15.0839,4.1116,8.2552,6.5198,6.228,5.7347,4.2626,-5.2875,1.26,3.19,10.91,10.46,8.96,6.47,-8.41
002129.SZ,中环股份,天津,20070420,34.4709,50.1525,42.9263,8.163,45.4059,98.9372,52.9644,48.52,34.98,98.38,-38.69,60.07,254.12,28.68,18.143,36.4476,22.7633,42.6322,42.1747,34.6532,5.6585,20.0292,15.9311,19.4899,17.3522,19.8917,13.8846,14.9205,8.2208,6.1235,7.4687,5.736,6.1252,5.9541,4.2181,1.77,1.4,6.58,5.06,5.39,3.87,2.92
002156.SZ,通富微电,江苏,20070816,77.9656,-245.3242,-84.9209,3.9386,-32.456,22.7315,21.9334,63.59,-632.09,-406.74,1208.82,-96.95,472.87,-60.67,31.0088,0.8025,14.4501,10.7928,41.9805,97.754,11.0594,13.0608,8.6241,13.6715,15.9043,14.4634,17.9955,21.8029,-0.4265,-3.1266,0.4529,2.1187,3.0241,5.1551,6.345,-0.19,-0.87,0.31,2.12,3.07,4.74,4.5
002185.SZ,华天科技,甘肃,20071120,276.1307,-79.5107,-26.4301,-21.2743,26.6676,22.7318,6.819,5770.58,-98.86,-50.73,-27.33,24.15,61.47,-15.12,-1.1204,-11.2382,13.7858,1.5953,28.0338,41.3269,17.1998,18.5457,11.6216,16.3287,16.3219,17.8965,18.0429,20.5227,4.1923,1.0631,3.6147,6.0272,7.8035,7.5485,8.4753,0.81,0.28,4.3,7.07,9.67,8.19,11.76
002218.SZ,拓日新能,深圳,20080228,963.4625,13.7894,-12.3382,-45.5073,26.7666,314.3751,677.6312,1132.09,1.6,-21.82,-48.39,34.33,695.16,142.18,-14.0932,14.4935,-5.965,-26.0167,32.7011,56.8097,33.3822,39.985,32.0939,30.2966,27.8276,25.1213,26.6873,27.8718,39.4418,3.1861,7.3957,7.9333,10.7709,11.2751,4.2668,2.32,0.23,2.67,3.11,5.89,4.85,1.35
002449.SZ,国星光电,广东,20100716,-61.4577,31.4495,-8.6754,24.0581,86.7375,20.0182,10.6956,-75.44,44.54,-7.15,21.14,91.52,27.98,13.48,-36.4009,11.8655,0.0803,4.4404,43.5895,31.5422,19.1497,16.1237,24.2696,21.4673,24.4425,23.6717,21.5562,22.6208,5.7354,11.3274,9.6749,11.9589,9.9823,7.2568,8.3829,1.11,3.02,11.46,13.53,11.9,6.85,6.39
002724.SZ,海洋王,深圳,20141104,-36.1832,17.7214,35.4574,25.0015,36.6055,65.4706,-60.8307,-66.72,21.47,42.84,12.21,62.28,25.3,-55.55,-23.677,15.473,19.2615,14.2431,18.6036,3.1814,-15.1505,66.0654,69.48,70.0238,71.3401,70.8041,70.8802,70.2365,6.9706,8.3366,17.2157,15.1573,13.8528,12.0272,7.4998,0.64,1.1,12.96,10.43,8.98,7.04,4.41
002745.SZ,木林森,广东,20150217,-34.1707,2.806,-31.7433,7.7506,41.205,85.2734,-41.0861,142.49,-266.59,-144.31,-59.29,13.04,105.17,-46.56,-19.4285,130.8609,5.6865,119.7632,47.9709,42.2219,-3.0002,33.8322,30.5327,30.348,26.005,21.0181,24.3535,20.9912,2.9745,3.5899,2.6452,4.0548,8.2792,8.7933,6.6373,1.08,1.77,5.08,8.89,12.06,11.64,10.98
300046.SZ,台基股份,湖北,20100120,-100.3046,-0.7262,-356.5285,60.6578,38.5133,34.1296,-34.546,-106.72,-10.48,-557.01,619.84,-76.43,44.51,-38.89,-57.6635,-26.562,-36.6342,50.047,15.1017,45.7029,-25.0588,30.1011,42.9575,33.0571,35.7276,36.4816,34.7918,31.4173,-0.8754,27.686,-83.5881,20.5141,19.1593,15.921,17.2947,-0.01,2.54,-29.25,9.95,6.55,4.89,3.62
300053.SZ,欧比特,广东,20100211,-19.6123,2.1524,-346.2593,-21.4676,42.8948,46.2634,130.7383,-20.68,-31.78,-562.32,-38.41,27.44,40.48,118.4,-30.463,6.4177,-5.9922,22.6218,31.9527,44.0102,120.2907,51.5919,40.2967,34.0457,36.0225,35.849,35.456,39.4739,14.3497,12.4064,-27.4432,10.4689,16.297,15.0858,15.0964,0.63,0.72,-7.6,3.27,5.85,6.31,5.71
300077.SZ,国民技术,深圳,20100430,23.1853,-204.0692,106.4377,-231.7563,-582.2139,17.6743,747.3871,27.06,-335.13,64.58,-231.08,-753.34,69.49,247.23,-7.7786,-56.0438,-34.4362,-13.3674,-1.5814,25.9603,31.6886,52.2641,34.1027,24.7868,35.0559,30.3611,32.0972,35.6466,-18.0926,-23.6766,10.8711,-296.6252,-70.3507,14.338,15.3377,-1.0,-1.07,9.17,-93.57,-17.78,3.52,3.12
300080.SZ,易成新能,河南,20100625,-96.2171,-179.2724,-65.157,70.9921,-5496.3739,221.1465,-86.0401,126.13,-247.28,48.55,45.54,-5024.74,749.61,-110.53,-39.4666,-16.7829,-15.4473,52.6107,-23.9785,40.5479,-24.3588,8.4814,16.3448,35.65,14.128,17.2502,22.4947,21.759,0.8193,1.823,11.1829,-9.0383,-56.9229,1.2216,-0.0515,0.25,-0.41,13.91,-17.56,-33.8,0.64,0.2
300102.SZ,乾照光电,福建,20100812,-1965.7437,-94.5876,-255.5466,-14.5206,335.2001,153.6323,-261.3754,-476.94,-136.12,-1311.83,-76.32,980.98,112.39,-352.26,22.667,-12.3318,0.9401,-8.9115,-1.6827,87.0933,44.1173,9.0637,22.5047,7.6354,29.1726,36.9046,21.7453,19.845,-19.9426,1.311,-26.9434,17.4819,18.6289,4.2085,-14.6811,-1.86,0.09,-10.22,6.46,8.1,1.95,-4.85
300111.SZ,向日葵,浙江,20100827,227.2622,68.9545,89.7819,-4936.3701,-22.6531,-65.0322,133.9071,180.32,65.73,74.75,-5468.82,-75.54,-19.29,187.0,-52.3593,-59.7523,-7.0662,-57.0351,-4.5409,-12.1387,10.9707,25.5529,6.949,16.8576,-1.6261,12.0024,21.793,22.399,18.1389,-15.3468,-11.4156,-177.3309,1.4134,1.8692,4.8056,17.86,-6.61,-79.28,-153.22,1.81,2.39,7.18
300118.SZ,东方日升,浙江,20100902,-41.9111,278.3612,319.0101,-64.2382,-5.6729,113.6699,381.5553,27.31,40.55,195.3,-56.81,25.62,64.72,266.99,44.6099,14.935,47.703,-14.8413,63.2059,33.4125,78.1538,20.8257,17.4632,20.9212,18.1097,16.9242,20.5622,21.8392,5.1566,12.5995,6.7899,2.341,6.0104,10.3432,6.4982,2.12,4.0,12.39,3.1,16.04,20.29,11.3
300123.SZ,亚光科技,湖南,20100928,-23.3174,114.4964,83.4625,65.1257,428.4997,35.4956,-39.0622,-25.22,122.77,18.08,78.03,2184.64,-39.78,349.79,52.7937,33.7471,56.2311,34.8199,78.2975,32.9636,14.3446,22.4619,32.2712,24.7099,34.173,28.6199,23.2788,27.7097,7.3123,14.8429,12.7244,11.9589,9.8643,2.6126,3.3266,0.62,0.83,5.76,3.42,4.74,1.78,1.46
300223.SZ,北京君正,北京,20110531,408.9777,-17.3678,334.0199,107.8948,-7.8132,-77.9959,419.5395,97.14,35.2,87.88,-12.57,22.71,-7.05,-55.07,16.3076,25.0295,30.6855,40.7678,65.166,59.3123,18.7582,38.4384,41.6003,39.7758,39.8631,37.0076,46.3643,55.1107,21.904,5.0053,17.2858,5.2049,3.5243,6.3142,46.4373,1.01,0.21,4.95,1.19,0.59,0.65,2.99
300232.SZ,洲明科技,深圳,20110622,-17.1014,56.6521,28.5405,45.006,70.7984,46.5667,86.6089,-25.45,53.49,5.47,58.79,62.6,66.49,80.52,-26.9157,30.0856,23.8692,49.2921,73.5753,33.6482,34.2068,34.7082,30.8437,30.2946,31.4764,30.0425,29.7874,31.2537,7.6853,7.1067,9.5985,9.4238,9.4936,9.5513,11.046,2.2,3.22,19.96,20.46,17.21,14.03,16.07
300236.SZ,上海新阳,上海,20110629,59.4493,-60.399,3059.8244,-90.8078,33.1073,28.5238,-37.9508,54.95,-60.68,-3983.36,-97.96,39.6,18.72,-38.64,-2.8166,15.8111,14.5379,18.5039,14.114,12.3087,-2.0443,36.125,32.2058,32.4227,33.948,39.594,43.6876,41.3973,8.1978,4.7933,32.9001,1.0969,15.1865,12.8864,11.2472,0.67,0.5,15.33,0.51,5.69,4.74,4.81
300241.SZ,瑞丰光电,深圳,20110712,-56.0555,-42.7686,-246.2683,-35.7408,168.3518,50.6203,39.2925,-102.22,-31.97,-1085.01,-80.01,70.95,82.75,33.74,-26.015,-6.2918,-12.173,-1.3693,34.2846,28.0611,1.553,15.3636,16.2947,18.5678,19.7027,18.7149,19.0603,15.5366,2.8791,5.0924,-8.9658,5.4439,8.3811,4.2492,3.6134,0.6,1.21,-10.05,6.85,12.32,5.22,5.14
300269.SZ,联建光电,深圳,20111012,-142.9421,-316.0802,52.1806,-2869.4796,-59.6743,59.3524,27.0789,-26.51,-455.62,51.38,-1080.17,-233.56,60.0752,21.4775,-62.5544,-1.8177,-25.6529,2.5556,42.4042,86.7257,54.3038,26.2704,22.3672,21.93,27.153,31.4551,35.0767,36.8791,-26.838,-4.1234,-45.8067,-71.2297,2.5999,9.243,10.9391,-15.35,-1.7,-110.44,-83.67,2.05,9.15,9.34
300296.SZ,利亚德,北京,20120315,-95.6633,12.1322,-44.3307,4.5253,80.8804,102.1921,105.0507,-98.25,10.21,-39.21,2.89,101.69,113.6,116.07,-45.8963,23.5011,17.4901,19.0056,47.8049,116.4482,71.42,31.4937,35.7759,34.1055,38.751,40.4849,38.4276,41.752,1.2569,15.2299,7.8247,16.4123,18.7131,15.2188,16.4164,0.18,4.22,8.48,16.11,24.06,22.06,21.23
300301.SZ,长方集团,深圳,20120321,-287.7674,464.1145,-173.7698,-532.878,157.7554,-162.2062,99.0516,-415.89,355.42,-187.41,-1021.59,122.25,-180.34,83.59,-28.0056,5.3215,2.7079,-10.0559,9.2218,12.9771,53.9888,13.2301,25.3049,25.3211,25.5478,26.9228,20.989,25.946,-12.3091,4.7213,-26.555,-6.8746,5.7098,-0.4812,9.3829,-2.63,0.99,-30.55,-7.77,1.69,-3.92,8.57
300303.SZ,聚飞光电,深圳,20120319,-2.7474,52.8194,93.006,167.0183,-61.4413,51.6213,-42.7814,-0.5,74.46,100.74,138.37,-62.21,82.62,-50.79,-14.6917,-9.3802,6.9011,14.1053,36.1832,57.2823,-3.1322,27.5356,25.2611,27.9165,21.8626,21.7231,24.2081,23.5599,12.5029,10.487,12.2171,6.5205,2.1941,10.3164,10.4283,2.45,2.88,15.05,8.55,3.3,8.82,9.11
300317.SZ,珈伟新能,深圳,20120511,59.1076,-213.7553,45.97,-786.4426,-15.3752,150.1668,1574.7554,91.92,-278.1,48.56,-807.07,-17.085,187.0382,934.98,-46.9636,-44.9521,-50.2253,-48.9588,13.317,53.5601,179.685,41.9858,33.08,32.0834,22.817,26.8005,27.4798,24.8098,-8.5029,-12.1869,-128.8893,-118.061,8.721,11.6714,7.1618,-0.63,-0.99,-43.87,-50.29,6.67,8.98,10.05
300323.SZ,华灿光电,湖北,20120601,48.2815,-201.7054,-529.6979,-51.4326,87.9208,378.4281,-205.5637,33.32,-380.27,-4781.18,-89.26,970.39,113.38,-1278.77,-17.6131,-22.5396,-0.5586,3.8665,66.2069,65.6183,35.3092,-0.9324,-4.393,-5.6985,28.9638,33.2234,23.9421,16.7464,-16.5871,-26.423,-38.5764,8.9274,19.0922,16.8861,-10.0444,-1.57,-2.49,-19.55,4.75,13.62,9.83,-5.58
300327.SZ,中颖电子,上海,20120613,29.7735,-6.5108,12.5016,25.9306,24.161,116.2026,59.5402,15.81,-9.9,12.93,27.35,28.77,97.9,80.3,16.0592,-11.0134,10.0878,10.4978,32.4554,25.8479,10.8599,40.9225,42.9512,42.3139,43.8431,43.0514,44.2029,42.3269,19.3637,17.2202,21.7432,21.293,18.8455,20.6319,12.1018,4.26,3.7,20.82,20.5,18.04,16.35,8.39
300373.SZ,扬杰科技,江苏,20140123,58.557,-44.9968,20.1567,-29.7026,32.076,46.4565,22.7852,126.11,-51.31,5.95,-8.23,13.02,52.39,26.66,19.7589,2.8289,8.3861,26.0138,23.4712,42.7236,28.7246,30.9857,27.8731,29.8045,31.3629,35.5754,35.3553,34.6354,11.0525,8.2829,10.9833,10.1775,18.198,16.9958,16.6097,2.16,1.46,9.16,8.02,12.5,15.99,17.68
300389.SZ,艾比森,深圳,20140801,12.3066,27.8855,-55.4267,126.9981,-29.9631,20.5666,-20.9697,19.96,17.55,-60.7,159.75,-38.16,22.86,-23.03,-6.9842,26.5023,9.7565,28.3927,32.7091,15.0423,-6.1074,32.0484,34.1052,31.7424,38.1502,36.2905,34.7435,32.9184,8.0372,6.6396,4.7535,11.8389,6.7414,13.1597,12.5751,2.45,2.21,8.29,20.9,10.51,16.56,15.07
300582.SZ,英飞特,浙江,20161228,-6.8742,19.9205,51.0394,180.8998,-62.5895,-28.1739,41.5765,-25.95,36.93,30.45,456.79,-79.39,-33.38,49.7164,-22.3508,-0.2098,4.5039,26.4664,16.7873,24.0771,16.9049,40.3083,35.7706,37.5012,33.5298,32.3015,35.2817,38.4705,9.5699,7.9795,10.5229,7.2808,3.2779,10.233,17.6772,1.59,1.82,10.61,7.37,2.73,16.06,27.69
300613.SZ,富瀚微,上海,20170220,215.276,-272.7952,49.8648,-48.6156,-5.1677,199.3669,-1.1827,200.38,-304.77,69.72,-61.01,-12.83,167.85,8.37,70.1167,6.9558,26.7172,-8.2831,39.639,77.1372,3.7885,36.3311,37.1633,37.163,41.9444,47.5997,56.959,55.9598,18.5318,-34.3842,13.9065,11.2291,23.5168,34.1501,20.2994,2.63,-2.55,7.53,5.52,13.36,52.71,28.79
300623.SZ,捷捷微电,江苏,20170314,21.3683,3.5055,14.4972,14.9287,23.8113,44.2424,4.5211,18.23,7.06,19.56,10.21,23.15,43.2383,6.495,24.6124,2.5753,25.4016,24.7591,29.9143,37.3332,6.0023,44.5494,45.4003,45.1189,48.8632,55.8798,54.7859,53.1022,27.069,27.904,28.1358,30.8238,33.4603,35.1096,33.4279,1.84,2.52,13.32,12.86,14.29,25.88,20.58
300625.SZ,三雄极光,广东,20170317,-11.4243,-83.1068,36.0418,-29.4629,3.6547,35.888,6.2506,-574.94,-86.88,72.01,-46.56,-8.39,38.1572,3.4054,-44.1858,-7.2147,2.9359,7.3661,19.4351,2.7049,-2.7551,33.2312,33.5296,34.8094,31.634,33.7164,37.0072,32.9556,2.3966,1.5102,9.7942,7.4108,11.2801,12.9974,9.8235,0.24,0.31,11.38,8.4,14.09,36.64,29.81
300632.SZ,光莆股份,福建,20170406,-12.797,116.8256,46.1552,126.7624,21.5056,38.2849,43.9549,3.64,111.22,29.61,193.06,12.2,39.8031,65.8939,-6.4307,57.6067,26.894,56.3398,54.5449,22.9319,24.0572,31.1173,34.2192,36.9808,32.8129,28.7669,31.434,31.9882,12.6579,14.5056,18.0154,15.5168,10.5531,13.4227,11.9278,2.78,4.05,24.56,20.84,11.78,16.32,13.83
300671.SZ,富满电子,深圳,20170705,83.0432,-80.1871,-31.9915,-7.897,52.9569,38.8281,8.4152,108.63,-86.4,-36.85,-22.62,49.67,37.3484,5.4662,-10.0673,8.0652,20.4425,12.952,33.3972,20.647,6.8736,21.7774,16.3267,22.4503,28.7695,28.6116,28.3202,29.7993,6.342,3.034,6.1158,10.7279,13.2797,11.5755,10.0874,1.11,0.65,6.43,10.27,15.3,15.42,12.85
300672.SZ,国科微,湖南,20170712,-934.0088,91.0812,21.2863,6.6981,3.0051,23.151,4.1453,18.13,-33.54,275.61,120.37,-97.65,33.322,21.8176,50.8241,5.9026,35.6847,-2.8279,-15.8018,33.2181,102.9984,40.5487,35.3999,46.8647,41.6603,40.3979,50.2816,47.5084,-69.2847,-28.6044,12.4246,11.2148,11.1402,10.1269,10.138,-3.15,-0.36,6.26,5.64,6.4,7.57,12.6
300708.SZ,聚灿光电,江苏,20171016,162.3998,-442.9309,-60.0211,-81.4847,81.5349,158.819,-58.95,33.69,-1021.17,50.93,-237.67,179.9,108.76,-55.42,36.8,67.4477,104.6119,-10.0211,29.3225,36.6144,18.8097,15.6626,11.8355,12.9016,7.4328,28.9689,19.9576,25.6336,1.988,-4.3583,0.7124,3.6461,17.7191,12.6228,6.6628,0.72,-1.16,1.13,2.86,20.41,13.6814,6.0826
300842.SZ,帝科股份,江苏,20200618,53.2935,,26.744,-2.7366,143.2333,568.7733,,-19.17,,44.32,-39.08,258.08,728.457,,-8.3135,,56.234,-6.9577,204.9536,812.2858,,16.1533,18.532,16.9914,19.8893,21.1218,22.8936,15.228,15.9895,9.5635,5.4412,6.7076,6.4166,8.0442,-15.655,8.38,,19.24,18.6,46.69,88.44,
600171.SH,上海贝岭,上海,19980924,-61.2501,437.2015,65.9445,-41.241,358.7469,-25.9847,32.1772,24.68,42.74,40.91,44.79,85.7,-22.03,238.6936,5.1882,13.2403,12.0208,39.5944,10.3675,4.0645,4.5539,28.9912,29.6568,29.8595,25.6121,24.1352,25.895,25.0583,20.1167,52.6462,27.7116,13.176,31.1548,7.967,10.9639,1.26,3.83,8.22,4.25,8.82,2.05,3.1
600206.SH,有研新材,北京,19990319,-53.748,532.2876,34.1615,81.2787,-9.0455,57.8619,-49.6401,-115.37,175.3615,97.18,3159.8762,-107.72,-33.95,116.6708,38.7716,59.4631,119.2252,16.8713,7.1335,47.0518,5.5222,3.3131,4.969,3.6507,6.5163,6.565,6.1718,8.2794,0.2721,0.9848,1.0739,1.7303,1.1399,1.3264,1.2814,0.22,0.5,3.53,2.73,1.54,1.72,1.05
600360.SH,华微电子,吉林,20010316,-45.3061,-27.5994,-38.6864,11.7578,133.5228,-5.555,20.5871,-48.76,-28.74,-40.78,16.15,182.96,-14.54,44.14,7.0673,-7.4582,-3.0877,4.5491,17.1239,7.3197,5.2472,17.9923,21.6515,20.5125,22.7167,20.698,19.5922,22.1897,2.1507,3.9797,3.6934,6.2604,5.7963,2.635,2.8933,0.28,0.7,2.3,4.85,4.59,2.02,2.18
600460.SH,士兰微,浙江,20030311,-90.4343,-25.4885,-91.4749,0.5759,76.7486,140.4727,-75.7362,-607.28,-83.77,-234.32,-9.36,325.5,184.3483,-129.26,4.6705,1.4764,2.7998,10.3606,15.4413,23.2888,3.0152,20.7347,22.1057,19.4745,25.4554,26.7036,24.6663,26.6726,-2.9668,-0.9569,-3.4499,2.4541,3.7498,3.8586,2.1579,0.07,0.67,0.43,5.12,6.65,3.93,1.67
600537.SH,亿晶光电,浙江,20030123,-259.4459,-400.5448,-541.686,40.9488,-86.4503,53.86,94.7852,-207.4184,-1425.0441,-570.33,79.42,-90.13,61.12,101.38,-31.3859,18.9906,0.2487,-14.1966,-19.9268,5.0501,51.3837,7.0111,10.3496,10.1322,14.0693,13.3449,21.1029,19.5815,-15.9269,-3.0403,-8.5136,1.9323,1.1763,6.9515,4.7091,-1.75,-0.44,-8.69,1.89,1.42,12.45,9.14
600584.SH,长电科技,江苏,20030603,387.6111,-985.8982,109.4392,-373.5763,222.8933,104.4993,-66.8101,163.3736,-388.5517,39.4129,-397.8243,-27.6767,-3620.8203,-95.24,26.4317,-17.7708,-1.3841,0.0041,24.5424,77.2415,68.1171,13.0976,8.1048,11.1839,11.4255,11.7143,11.8192,17.8348,2.3493,-1.0201,0.4108,-3.8842,0.3083,-1.6504,-1.4655,1.05,-0.38,0.71,-9.15,4.89,2.45,1.41
600667.SH,太极实业,江苏,19930728,11.9425,20.5075,8.5946,37.1323,79.6785,101.7398,66.0745,3.17,29.15,23.24,29.71,348.15,974.4723,54.2632,-1.3268,7.4641,8.085,30.0665,25.1414,34.5531,4.5863,11.1025,11.2115,12.831,13.2529,13.559,14.8734,10.6971,3.4384,3.0755,4.2644,4.3104,4.5882,4.3148,3.1933,1.56,1.47,9.39,9.13,7.11,6.79,1.48
600703.SH,三安光电,湖北,19960528,-36.9547,-35.8513,-54.1203,-10.5572,46.0415,27.8597,15.8806,-57.35,-55.94,-69.3,-15.28,52.49,22.55,26.29,-2.7424,-11.101,-10.8121,-0.3497,33.8157,29.1123,6.0832,28.2442,36.9378,29.3714,44.7083,48.7903,41.6464,46.1422,23.2876,35.925,17.4057,33.8345,37.6953,34.5419,35.9698,1.78,2.88,6.0,13.43,17.13,12.95,14.21
603005.SH,晶方科技,江苏,20140210,1753.6451,-67.957,52.2745,-25.673,81.3949,-53.4291,-42.298,941.41,-223.04,166.4,-63.53,100.42,-56.42,-53.83,123.9653,-39.7332,-1.036,-9.9472,22.715,-10.9998,-6.5104,47.8186,27.4682,39.0332,27.9351,37.1955,32.221,35.8186,32.5775,3.9361,19.3275,12.561,15.2186,10.2955,19.6755,3.08,0.18,5.61,3.89,5.56,3.18,6.95
603068.SH,博通集成,上海,20190415,-4.4283,4.6187,103.6694,41.731,-16.0329,10.9515,41.9703,-8.02,4.86,113.33,34.4957,-18.9595,4.1433,34.0202,7.4653,6.9245,115.0853,-3.3965,7.9635,18.0027,20.8979,29.3253,34.6769,36.2502,39.305,34.0287,36.4701,42.5848,11.5513,12.9888,21.4852,22.6895,15.4651,19.8847,21.1484,1.23,3.7,26.61,33.28,32.83,30.44,40.1
603290.SH,斯达半导,浙江,20200204,41.7853,,39.8331,83.5044,145.6105,66.1949,,12.22,,35.16,76.1565,340.5223,330.9467,,-7.4786,,15.4097,54.1997,45.6718,18.8849,,30.903,28.8218,30.6132,29.4108,30.6005,27.9742,28.8272,19.6417,12.824,17.4232,14.2877,11.7035,6.6508,4.6934,3.08,,27.23,24.9,16.75,7.68,4.89
603501.SH,韦尔股份,上海,20170504,800.029,19.0972,221.1436,1.2016,-3.2003,22.8146,17.7579,1530.8,19.39,152.13,9.94,-5.09,19.0295,24.7444,44.2127,-11.838,40.5051,64.7401,11.3453,8.9498,40.8902,32.2268,22.1092,27.3918,23.4108,20.5354,20.1168,19.2602,11.6975,6.1634,5.1738,2.9187,5.1292,6.083,5.4368,5.34,3.07,10.17,10.08,13.39,19.53,19.86
603893.SH,瑞芯微,福建,20200207,350.7265,,6.5316,81.1099,18.1102,255.2385,-54.1582,790.84,,1.9,89.4893,21.5214,619.2376,-74.1536,23.4579,,10.7665,1.6284,-3.6661,27.8125,-0.481,40.7134,38.7492,40.0936,39.917,34.7509,33.4193,34.643,11.7764,3.2257,14.5417,15.1198,8.4843,6.9201,2.4898,1.73,,12.69,13.48,13.1,12.62,4.15
603986.SH,兆易创新,北京,20160818,323.2381,-55.5843,49.8549,1.9099,125.2573,11.8169,60.8016,369.14,-62.03,56.7,8.87,119.93,6.33,89.1566,76.5088,-15.7297,42.619,10.6457,36.3183,25.2501,25.5679,40.92,38.4796,40.5202,38.2506,39.1611,26.7207,28.6661,20.8211,8.6706,18.8976,17.9882,19.5863,11.733,13.1202,3.15,2.03,16.96,22.25,26.27,21.18,31.92
688008.SH,澜起科技,上海,20190722,16.5003,,26.596,112.4083,273.8146,,-63.664,1.16,,19.54,154.5595,8599.2486,,,22.4936,,-1.1339,43.1889,45.2776,,-6.9661,72.5295,76.2059,73.9604,70.5442,53.4871,51.2028,,53.0483,55.7773,53.6824,41.9237,28.2616,10.9835,,3.5,,17.66,37.11,33.52,11.35,
688018.SH,乐鑫科技,上海,20190722,-66.8622,11.6036,68.8335,219.634,6436.7139,,,-98.53,13.03,33.69,91.2806,5341.8659,,,-16.1539,37.2361,59.4855,74.5985,121.2544,,,44.843,46.4606,47.0257,50.6613,50.8113,51.4522,,7.5963,19.2204,20.9268,19.7681,10.7982,0.3655,,0.59,8.71,18.32,36.04,20.81,0.52,
688019.SH,安集科技,上海,20190722,426.0044,,46.4467,13.144,7.1179,,,482.72,,-0.23,15.8587,4.2292,,,64.0628,,15.155,6.635,18.1998,,,52.137,47.7334,50.2516,51.1019,55.5765,55.6062,,24.4518,7.6266,23.0707,18.1411,17.0975,18.8663,,2.62,,11.4,13.87,14.1,29.26,
688037.SH,芯源微,辽宁,20191216,12.8072,,-3.9439,16.0265,432.9876,,,-1.9267,,-25.7,29.7227,4303.9795,,,-17.2376,,1.5077,10.5882,28.6457,,,55.6225,37.8829,46.616,46.4888,41.6812,42.1443,,-92.2667,-87.5785,13.7345,14.5139,13.8337,3.339,,-1.05,-4.19,12.48,14.8,15.91,3.43,
688099.SH,晶晨股份,上海,20190808,-184.9187,,-44.0621,261.7954,6.9503,,,-202.21,-27.17,-48.15,68.81,146.14,,,-28.2289,,-0.4785,40.1412,47.0586,,,30.9325,33.381,33.9284,34.8113,35.1883,31.5107,,-9.7969,8.2096,6.6613,11.9177,4.609,6.3518,,-1.41,,9.24,28.98,11.0,40.42,
688123.SH,聚辰股份,上海,20191223,26.4675,,24.95,205.9032,-29.1495,60.2886,35.4978,0.83,,2.69,44.84,61.77,,,-10.4681,,18.7832,25.6892,12.0958,44.0158,8.4356,38.1321,42.9849,40.7774,45.8653,48.5301,45.468,,20.4745,14.4948,18.5258,17.6115,7.2362,11.4487,,1.53,,25.73,24.01,11.57,24.77,
688126.SH,沪硅产业-U,上海,20200420,-576.4867,,-902.3971,-94.9874,355.7034,,,-262.1414,,-129.7178,-3.9417,-9.4714,,,55.4018,,47.7081,45.6402,156.8996,,,14.2254,30.8099,14.5455,21.9906,23.0828,13.83,,-13.1832,2.03,-6.7844,0.958,31.3653,-33.7243,,-1.16,0.33,-2.06,,,,
688181.SH,八亿时空,北京,20200106,32.4359,,-3.6795,114.6244,217.3673,743.533,-77.1349,34.66,,-12.12,108.0345,292.3873,1756.1103,-79.5951,33.3544,,9.2325,70.7587,74.1425,67.8194,29.9443,47.2625,49.9324,48.1643,55.164,50.8885,35.9516,39.4252,28.9693,29.1703,25.6212,29.0558,23.1172,12.6846,2.5236,2.47,,20.08,23.91,20.49,10.13,6.66
688368.SH,晶丰明源,上海,20191014,-75.5636,,13.5407,6.8517,154.4384,55.4438,-71.2285,-131.93,5.25,6.46,19.4134,116.7516,113.3307,-78.1899,9.5861,,13.9691,10.3996,22.3589,58.9081,5.8856,23.8555,23.2398,22.8562,23.207,22.0551,20.3083,20.2879,1.5077,6.7614,10.5696,10.6095,10.9617,5.2715,5.389,0.24,,21.47,34.52,48.1,19.08,10.5
688981.SH,N中芯-U,上海,20200716,101.424,637.8986,1238.0808,315.8963,230.5607,48.6242,65.6617,143.3401,,15.3615,-325.7255,,,,38.416,453.0822,552.4797,639.9005,633.9911,30.0592,14.9889,21.5795,18.7725,20.8336,23.0198,24.7588,,,5.436,6.4548,5.7614,1.5652,4.2195,,,0.99,0.53,4.25,1.99,4.26,,
